"trade_id","quantity","unit_price","updated_date","buyer_id","seller_id","pay_id","amount","offer_id","total_quantity","buy_sell","price"
"JP2qA8Cvcm","13.000","133.390","2021-04-27 21:27:45","43Ubhficin","Sue2eL22Gd","oBvIIH62Wq","133.390","gRVFJasAZD","13.0000","D","133.390"
"2z4eeNxoKy","56.000","703.740","2021-04-27 21:24:36","DkhOhDKbN6","vzWeZDwBGY","gcbtKX8Og4","4222.440","wAj8uwa2q9","56.0000","D","4222.440"
"5Q28ihxzWB","8.000","617.270","2021-04-27 21:25:53","4qG4YJPVXS","7WUJL037Ih","qMwwkoZQlF","3703.620","1zIJsFwzOP","8.0000","D","3703.620"
"BZn5jnUwSk","9.000","699.740","2021-04-27 21:25:08","aGgWiHvvqx","yBJGGZUt7Q","ouRoe9dKjl","6297.660","x1JfAIj4KJ","9.0000","D","6297.660"
"7Dyt7q3bvD","7.000","708.740","2021-04-27 21:26:20","TJ41SSUq6q","BVSuTguMU3","QZPJRjwV3c","2126.220","ikxUMONpRu","7.0000","D","2126.220"
"bIc6dGWN4C","85.000","265.970","2021-04-27 21:27:47","43Ubhficin","4P6we7JlDe","iNWE3r2FvU","531.940","A9YbblyQXC","85.0000","D","531.940"
"1UBeX8e55V","8.000","614.270","2021-04-27 21:24:33","Sn9UrBtdAf","t1lHRWGWZW","9TyoUZyyUq","614.270","moYuZPRXrk","8.0000","D","614.270"
"5sxuZpmimx","8.000","135.390","2021-04-27 21:25:32","PDh2yjLbtZ","Grbzu6jbyJ","QrLzfTPhAC","676.950","VgaCGn52dg","8.0000","D","676.950"
"bHCOI5EgMG","82.000","705.740","2021-04-27 21:25:21","QylXd45RhI","YYHXU1KZ2i","3FCTWTCRr5","2822.960","TQAibGGa4D","82.0000","D","2822.960"
"BX66XKNs2K","97.000","610.270","2021-04-27 21:26:25","sCk1x1dKU0","3nw03HQJ6V","NR3oH9hDz1","610.270","Mg1KjVMH7U","97.0000","D","610.270"
"ggFK6XqZC7","96.000","135.390","2021-04-27 21:26:44","2EQOEFTBNA","X2xMlbarBC","tCEQFRmE2P","947.730","Lx1iksdSxv","96.0000","D","947.730"
"KnIATAs6ib","85.000","702.740","2021-04-27 21:27:07","2808cX7wn0","Rjxz8VcbER","L1rm0Zdzl3","3513.700","O9n67zIycm","85.0000","D","3513.700"
"2jJpXNr3hP","67.000","617.270","2021-04-27 21:24:38","DkhOhDKbN6","SNVgf3f5CK","JblBncBbCl","1851.810","oWF5177Tvx","67.0000","D","1851.810"
"hRi2TQq7vK","40.000","700.740","2021-04-27 21:26:41","oJmR1pLSXK","wWtmjbnMq0","sw1EAivCms","2802.960","SnVGMXNecT","40.0000","D","2802.960"
"aIcHDqcPds","18.000","620.270","2021-04-27 21:27:21","E8uVwVNtgD","KomfGpXT0B","4kKdAg35YE","1240.540","ZpBtBeT40U","18.0000","D","1240.540"
"GzWUuzyg4X","2.000","133.390","2021-04-27 21:27:19","yBJGGZUt7Q","4zuARWM1oL","8ssUfUCITS","266.780","11IkUWGotp","2.0000","D","266.780"
"1QdnEcshec","60.000","266.970","2021-04-27 21:25:52","4qG4YJPVXS","ca0OYrDEwt","yD8VgEyDKY","1868.790","jEQUySHhGK","60.0000","D","1868.790"
"AhaQwpAKXH","1.000","258.970","2021-04-27 21:25:29","u8FcpUThIw","Jncr7UhmTZ","k9m2wXDED3","258.970","59FSp6Eel5","1.0000","D","258.970"
"8L74pdKjYl","73.000","613.270","2021-04-27 21:26:00","vzWeZDwBGY","uebbBJZd2g","yQKEDRrHRw","613.270","wX72CBRZHz","73.0000","D","613.270"
"3ep7qijGyP","1.000","701.740","2021-04-27 21:25:05","3VWW9Er2dz","3VWW9Er2dz","L9WnSfWkXw","701.740","8K5ig7iY99","1.0000","D","701.740"
"FwjG0KiEGJ","79.000","257.970","2021-04-27 21:25:53","4qG4YJPVXS","aGgWiHvvqx","g3DXZEsrPt","773.910","7H4yKEgMYS","79.0000","D","773.910"
"4ECbP4mJQU","16.000","139.390","2021-04-27 21:25:50","6FTOqMUABs","yBJGGZUt7Q","4p3wWEgydd","1393.900","rWsPgLmywM","16.0000","D","1393.900"
"BDbgALh2Zg","92.000","699.740","2021-04-27 21:24:58","yMEMrN1x5u","R7XBuTKNlO","SmcnoqCsgf","4898.180","7jRaLAD06V","92.0000","D","4898.180"
"f75VJYznql","51.000","700.740","2021-04-27 21:25:40","3Rrw0Zsfy1","n9QJbOwRov","Avud7J9w8M","1401.480","WIYHLSNvsc","51.0000","D","1401.480"
"6CaWLQixFI","3.000","703.740","2021-04-27 21:27:10","7WUJL037Ih","2808cX7wn0","RvRfncmuPV","703.740","ctbnOZFJrC","3.0000","D","703.740"
"B6q7ljuYaO","42.000","618.270","2021-04-27 21:27:55","MtLUmMJ31b","3Rrw0Zsfy1","z32ByX1GhG","618.270","9sLE7IYrSH","42.0000","D","618.270"
"7dC6iqq1jD","97.000","139.390","2021-04-27 21:26:40","oJmR1pLSXK","iLK4MsA8bf","oQdn4VTuEq","278.780","TIWftgV0cC","97.0000","D","278.780"
"cBpPl50b7b","95.000","258.970","2021-04-27 21:25:33","PDh2yjLbtZ","Rjxz8VcbER","EPKwEzxzot","1294.850","hNIOc9vB2u","95.0000","D","1294.850"
"6hhbLTF4Xp","88.000","131.390","2021-04-27 21:25:15","LoSDuWR25C","KomfGpXT0B","BEWyxmpReT","788.340","LCG4G2MaGP","88.0000","D","788.340"
"2jfHRGcg16","79.000","703.740","2021-04-27 21:24:34","9kyI2FD71y","2fJOf6nx6z","vNtypksMcB","6333.660","Jq4WsNcWqd","79.0000","D","6333.660"
"2xSguHMv7s","7.000","131.390","2021-04-27 21:25:01","yMEMrN1x5u","PTqWZS2er5","BwVCCgPuap","919.730","Z6DMVLh1Fv","7.0000","D","919.730"
"Jn7wP44Pbb","19.000","610.270","2021-04-27 21:27:46","43Ubhficin","QewDbhEfbG","jo6bdF5aSW","4882.160","F66xdO7mbl","19.0000","D","4882.160"
"bR3ZdKs8d8","59.000","256.970","2021-04-27 21:25:07","g86xuWgacL","UI3g0uruCJ","hLM0cg9BjT","1027.880","nLWv08Qg3C","59.0000","D","1027.880"
"7GURfgqNBB","58.000","612.270","2021-04-27 21:25:47","xOLUxjswYg","PTqWZS2er5","mi2q0W0WTn","3061.350","SEqwSsQyQ2","58.0000","D","3061.350"
"ayPW0d6xXe","2.000","701.740","2021-04-27 21:25:59","vzWeZDwBGY","7KUa2vTqIP","ddpPd3b4yG","1403.480","t8ZqqWTjqH","2.0000","D","1403.480"
"GR4ZThsRHc","3.000","130.390","2021-04-27 21:25:41","WDxmtmfs0m","PDh2yjLbtZ","MkEXe50cST","391.170","bUMXBgJmLi","3.0000","D","391.170"
"nUnExKB2XJ","37.000","129.390","2021-04-27 21:26:45","2EQOEFTBNA","n0dZybb6uM","GxNicD2Qh4","646.950","emWUjEqImO","37.0000","D","646.950"
"itmiE1JCMH","9.000","702.740","2021-04-27 21:27:00","3nw03HQJ6V","Opkma86zza","LMQ0T8kTcu","702.740","DCGVDle29G","9.0000","D","702.740"
"c532Svv2ao","5.000","129.390","2021-04-27 21:25:17","xxawsOeORa","Jncr7UhmTZ","nuMDXbFkFt","646.950","wrG8epH5lX","5.0000","D","646.950"
"JnhRTepSgr","7.000","130.390","2021-04-27 21:26:02","Opkma86zza","jtWLcw6JZJ","vvmV5Ze0YI","912.730","seYcGTjR5k","7.0000","D","912.730"
"e491Ih5tlH","41.000","610.270","2021-04-27 21:27:06","XXde7Nm02y","2fJOf6nx6z","9WrddbOuMQ","3051.350","dBoLUknf6A","41.0000","D","3051.350"
"kwNI8pmrzW","43.000","129.390","2021-04-27 21:26:25","sCk1x1dKU0","PTqWZS2er5","yJLwCvYqeZ","646.950","fDJvnQH6BA","43.0000","D","646.950"
"FqV9vADWUZ","7.000","131.390","2021-04-27 21:25:28","u8FcpUThIw","ijezHUqIii","KYMASJ5POG","788.340","080VzggGbj","7.0000","D","788.340"
"5AiBTWf9FV","6.000","265.970","2021-04-27 21:26:01","Opkma86zza","QylXd45RhI","mvjptCQRME","1595.820","f6fE5kjrWP","6.0000","D","1595.820"
"iF7Y3uJTmL","69.000","610.270","2021-04-27 21:27:12","Grbzu6jbyJ","KomfGpXT0B","SzvXwFKMr8","2441.080","xZ7pNixVJe","69.0000","D","2441.080"
"1eduXJdfOl","18.000","3414.430","2021-04-27 21:27:48","op0j2MMOEO","vKvIGyBpn1","TPZLz6WsvA","3414.430","NDR9AMvXY3","18.0000","D","3414.430"
"b39va3Mmme","22.000","706.740","2021-04-27 21:25:41","WDxmtmfs0m","YYHXU1KZ2i","LhG1xQHoWA","1413.480","zsNHDh091p","22.0000","D","1413.480"
"MCf6hYlVTn","58.000","700.740","2021-04-27 21:27:13","Grbzu6jbyJ","LxG2p0d0Ls","OSzYCjaHPu","2102.220","tliW2RFleM","58.0000","D","2102.220"
"2ju6s5ry9e","85.000","264.970","2021-04-27 21:24:58","yMEMrN1x5u","Jncr7UhmTZ","BW6elsbWyR","529.940","WeWSvaFEW2","85.0000","D","529.940"
"CqvpzyXxaX","95.000","261.970","2021-04-27 21:26:11","kCd8oqtrGP","yBJGGZUt7Q","ZhBjG2Zt2W","785.910","WdLxzP5mno","95.0000","D","785.910"
"OFE4KEE2XE","90.000","130.390","2021-04-27 21:27:17","5b9myZ5NgB","E8uVwVNtgD","ku796pZVFY","260.780","89sqp9OmTt","90.0000","D","260.780"
"BOSVCb7Mph","2.000","138.390","2021-04-27 21:27:32","WfxBwW49ux","Jncr7UhmTZ","qTIaogjjgd","276.780","R7fc8Z9sYv","2.0000","D","276.780"
"JIPDfsJ36W","1.000","260.970","2021-04-27 21:27:43","SNVgf3f5CK","WfxBwW49ux","Y3K1ZAbwJy","260.970","VBbPTVKN99","1.0000","D","260.970"
"73n4xb5ZOZ","9.000","259.970","2021-04-27 21:25:23","KomfGpXT0B","Opkma86zza","VYg2SSeFnh","1039.880","2QaFCJ0mCR","9.0000","D","1039.880"
"MagBcCZRho","32.000","132.390","2021-04-27 21:27:24","Z23PkrcyEz","WDxmtmfs0m","6nvGBvXUOT","132.390","4jngyHv7nA","32.0000","D","132.390"
"4av6p7dLyQ","25.000","259.970","2021-04-27 21:25:10","aGgWiHvvqx","DsrU3s6In7","jEGZao9IMu","779.910","EFajKnmJVA","25.0000","D","779.910"
"kZOxxOXkKR","9.000","132.390","2021-04-27 21:27:24","Z23PkrcyEz","xxawsOeORa","sLDHn9Csr9","1191.510","lLnSEJzgTi","9.0000","D","1191.510"
"69T1uuIvYZ","59.000","265.970","2021-04-27 21:26:14","2IT62zYLZ7","PTqWZS2er5","DvQkYpEA7l","531.940","wjUbgBNGL7","59.0000","D","531.940"
"2a7CTIjmdW","52.000","130.390","2021-04-27 21:24:44","ijezHUqIii","LxG2p0d0Ls","zyQgLbz7qS","521.560","XuZBJBsG2l","52.0000","D","521.560"
"7sqe6QYYnU","92.000","620.270","2021-04-27 21:26:36","QewDbhEfbG","4qG4YJPVXS","tQHnMGSLcK","1860.810","9SCixMu8OU","92.0000","D","1860.810"
"ckJR6oqhhf","9.000","702.740","2021-04-27 21:25:15","LoSDuWR25C","UQRisBteSy","pQKKLOp6a1","6324.660","WM9mSxTJKQ","9.0000","D","6324.660"
"IJoDkkSoU7","7.000","135.390","2021-04-27 21:27:21","E8uVwVNtgD","t1lHRWGWZW","yEKyKwz8NV","541.560","SC3bvbFUoh","7.0000","D","541.560"
"3UNDZKJlaz","57.000","611.270","2021-04-27 21:25:18","xxawsOeORa","TJ41SSUq6q","K6XTTKmc2C","4890.160","3nDwG0BWYa","57.0000","D","4890.160"
"0oumPfzyHU","44.000","613.270","2021-04-27 21:24:29","t1lHRWGWZW","C6ckXzQu3j","UmrGky3dZg","4906.160","SBRUXWOATg","44.0000","D","4906.160"
"6sXtWHssqz","85.000","135.390","2021-04-27 21:25:37","wWtmjbnMq0","MtLUmMJ31b","GqypUGw7Mz","135.390","b5koDUuMHb","85.0000","D","135.390"
"ArJLMGB3WX","2.000","259.970","2021-04-27 21:25:31","vcuU00ZbHE","Sn9UrBtdAf","23a0jxC19k","519.940","20SKnH2rwE","2.0000","D","519.940"
"3fw1fPIApH","87.000","613.270","2021-04-27 21:24:46","ijezHUqIii","2fJOf6nx6z","mjXNqdgT9C","1839.810","bQl18GFVBE","87.0000","D","1839.810"
"H30h9j94ed","77.000","703.740","2021-04-27 21:26:15","vaM994Ec92","mnGcnPNxsl","BlcUTqJShM","703.740","PjKjFbLqCT","77.0000","D","703.740"
"2E5tifUktI","45.000","256.970","2021-04-27 21:24:45","ijezHUqIii","p3jLkPyMX8","RPrw48Ow1W","1027.880","FuyH4C2unA","45.0000","D","1027.880"
"H9f8ogpPto","63.000","703.740","2021-04-27 21:27:04","PTqWZS2er5","2EQOEFTBNA","Q6Z94tsddc","4222.440","ZVtbYmCn1m","63.0000","D","4222.440"
"fvnzXZNdQP","24.000","260.970","2021-04-27 21:26:47","i7JJAcCBMF","mnGcnPNxsl","lur8upJD1V","1043.880","yiNoF67ZBw","24.0000","D","1043.880"
"23Y6exADgj","93.000","136.390","2021-04-27 21:25:07","g86xuWgacL","PTqWZS2er5","QZHqsazb4l","681.950","j5iE9ueJJz","93.0000","D","681.950"
"FzRMUrnPLH","89.000","705.740","2021-04-27 21:26:59","3nw03HQJ6V","X2xMlbarBC","vMJt2tfwZE","2117.220","deU6iI2da3","89.0000","D","2117.220"
"auO1PeFGvt","49.000","132.390","2021-04-27 21:25:59","vzWeZDwBGY","kCd8oqtrGP","YIAHdSO8zk","397.170","j901sVqXu4","49.0000","D","397.170"
"0DDDRHQ4Io","86.000","261.970","2021-04-27 21:24:38","WAmwcOTWj6","vzWeZDwBGY","tCuwTTFiOW","1571.820","lXvlxBkIbK","86.0000","D","1571.820"
"0JNE1FLqb3","8.000","135.390","2021-04-27 21:24:37","DkhOhDKbN6","Z23PkrcyEz","Sd2Bbg1i4G","270.780","YnZOcX6IrB","8.0000","D","270.780"
"jWRy3MIBeR","93.000","130.390","2021-04-27 21:26:02","Opkma86zza","R7XBuTKNlO","SKBOcD2JGf","130.390","XrNoQpYGQL","93.0000","D","130.390"
"3vq7KAeadl","45.000","707.740","2021-04-27 21:24:39","WAmwcOTWj6","SiyyN24v6w","Z94IaO8tK7","3538.700","g0BXYXabyS","45.0000","D","3538.700"
"dSYWbvS6or","5.000","138.390","2021-04-27 21:27:32","WfxBwW49ux","XhpYbWqOtX","0hs3CunsjF","691.950","DcuNAF1V38","5.0000","D","691.950"
"04ZAujjLmi","4.000","3417.430","2021-04-27 21:24:46","Atg1Ajv2Ur","Atg1Ajv2Ur","CvuWvFtckT","6834.860","DKuVnULr54","4.0000","D","6834.860"
"dolrC5WgrO","68.000","257.970","2021-04-27 21:25:35","PDh2yjLbtZ","3VWW9Er2dz","yNlFlyQrge","1547.820","1Khzu5jFI0","68.0000","D","1547.820"
"KrUWpN8db5","6.000","132.390","2021-04-27 21:27:52","MtLUmMJ31b","SNVgf3f5CK","8aTBjGCjy8","794.340","fqSlktxVA3","6.0000","D","794.340"
"EJS9Nk9AYx","57.000","133.390","2021-04-27 21:26:37","QewDbhEfbG","v3JUs3D1Wz","wPwhS9haA2","1333.900","5lk6CGxMQw","57.0000","D","1333.900"
"Kw7Fjj3GLv","27.000","131.390","2021-04-27 21:27:09","7WUJL037Ih","ca0OYrDEwt","R5S1G5MTyZ","1182.510","rwInf9vasW","27.0000","D","1182.510"
"leaoitdvvM","93.000","701.740","2021-04-27 21:27:23","Sue2eL22Gd","4P6we7JlDe","9WB0SZW3b8","4912.180","ryn1gZfnZI","93.0000","D","4912.180"
"8mgDExCWUV","68.000","136.390","2021-04-27 21:26:09","Rjxz8VcbER","WfxBwW49ux","1FvHBke3vC","1091.120","ADfv0FTr3T","68.0000","D","1091.120"
"gpOzTa8OJq","6.000","257.970","2021-04-27 21:27:00","gXMIqoEUej","p3jLkPyMX8","8os5gn2sRD","773.910","CMgiTwq90g","6.0000","D","773.910"
"9VkK5xMa4D","1.000","258.970","2021-04-27 21:27:32","WfxBwW49ux","WfxBwW49ux","tphyYOIbvJ","258.970","00MplwBYNU","1.0000","D","258.970"
"4qpKIZwG57","81.000","703.740","2021-04-27 21:24:36","DkhOhDKbN6","v3JUs3D1Wz","9p8WLYN6AB","1407.480","qLFv5oro6W","81.0000","D","1407.480"
"aIabvu924t","6.000","259.970","2021-04-27 21:25:29","u8FcpUThIw","Jncr7UhmTZ","yXMJxZyMcy","519.940","8A2gbdqxDS","6.0000","D","519.940"
"bAnV85mplD","37.000","702.740","2021-04-27 21:25:04","3VWW9Er2dz","7WUJL037Ih","dG6yZwXWoD","2108.220","0b2ciAj0iq","37.0000","D","2108.220"
"iydusIIizz","22.000","705.740","2021-04-27 21:27:28","bbXjckG757","rMUrJPLeil","D3wwoaKZrJ","1411.480","DO0KAaHFaJ","22.0000","D","1411.480"
"ac4qKXerRe","9.000","261.970","2021-04-27 21:25:46","xOLUxjswYg","6FTOqMUABs","ZsW3GU0pEA","1571.820","BinzZYIOxo","9.0000","D","1571.820"
"Cm12Xxg3mh","8.000","707.740","2021-04-27 21:26:16","vaM994Ec92","Jncr7UhmTZ","sCgGn51AnF","707.740","m042Q4eBeA","8.0000","D","707.740"
"FJcVl5GcRW","6.000","133.390","2021-04-27 21:26:40","QewDbhEfbG","wWtmjbnMq0","23tIVjjEXN","800.340","XdBX2d6I49","6.0000","D","800.340"
"1Yhodj1BKM","39.000","256.970","2021-04-27 21:24:43","UI3g0uruCJ","YYHXU1KZ2i","EZENECQXso","770.910","hZqWTVcxKu","39.0000","D","770.910"
"7HOxEFzCmo","41.000","265.970","2021-04-27 21:27:11","7WUJL037Ih","WDxmtmfs0m","2rXCdqnh17","265.970","l7ug4jcfwZ","41.0000","D","265.970"
"bfZXQtf9ao","71.000","704.740","2021-04-27 21:25:14","n9QJbOwRov","2IT62zYLZ7","EQ60NPKSA8","4228.440","HhjBhaEpPY","71.0000","D","4228.440"
"k1GuwR2SHs","77.000","131.390","2021-04-27 21:26:55","C6ckXzQu3j","mnGcnPNxsl","XSoCpix28u","394.170","MEbgnVcbMU","77.0000","D","394.170"
"us81QD7AMH","68.000","699.740","2021-04-27 21:27:30","WfxBwW49ux","jtWLcw6JZJ","Ldtw8H4qHy","6997.400","zO0IGLwPhB","68.0000","D","6997.400"
"0WAOkKeYTY","91.000","3413.430","2021-04-27 21:24:55","Jncr7UhmTZ","vKvIGyBpn1","hV2Qg6XSNB","3413.430","J8uUAoxeVM","91.0000","D","3413.430"
"9nCgt7d0jQ","80.000","134.390","2021-04-27 21:26:05","BVSuTguMU3","3nw03HQJ6V","UU3OyqwbZT","671.950","Z8eQRVjFkY","80.0000","D","671.950"
"36faCn8bU2","23.000","614.270","2021-04-27 21:24:44","R7XBuTKNlO","gXMIqoEUej","b3j2y83OyX","3071.350","6u5LiXp9GH","23.0000","D","3071.350"
"4RmpVC5kQM","59.000","616.270","2021-04-27 21:25:23","KomfGpXT0B","2IT62zYLZ7","STK4S1amSs","4313.890","Uw42PrxA0M","59.0000","D","4313.890"
"mgrW530zXu","82.000","133.390","2021-04-27 21:27:56","0WJu22uEjq","SiyyN24v6w","KyPjdwJK5r","400.170","NILO9FoZGG","82.0000","D","400.170"
"GMFAFmXTHc","5.000","612.270","2021-04-27 21:27:44","SNVgf3f5CK","JViQPVd375","tf3NmtO7mB","3061.350","dLQgV7XOiX","5.0000","D","3061.350"
"1d93CfR9zC","65.000","256.970","2021-04-27 21:24:40","ca0OYrDEwt","yBJGGZUt7Q","inIifr55OC","513.940","LR3nQYS8Hc","65.0000","D","513.940"
"BUpEPpcmZi","57.000","708.740","2021-04-27 21:26:05","BVSuTguMU3","3nw03HQJ6V","TXxUVrfH9E","7087.400","voLVF8ivuq","57.0000","D","7087.400"
"6IPUbt4Yjo","76.000","257.970","2021-04-27 21:25:12","n9QJbOwRov","CArp1GiHPZ","K3VtQbpbPO","1031.880","nDuQxPOnoQ","76.0000","D","1031.880"
"9qXbswzg6E","91.000","259.970","2021-04-27 21:25:27","u8FcpUThIw","jtWLcw6JZJ","w0CjwBjfJi","2599.700","DUNDzlOwYl","91.0000","D","2599.700"
"AzjQ0Pt0uM","7.000","133.390","2021-04-27 21:26:18","TJ41SSUq6q","kCd8oqtrGP","t0rtwuOcYT","533.560","G29XTTbXhe","7.0000","D","533.560"
"lGnVGScE4b","7.000","703.740","2021-04-27 21:27:35","vKvIGyBpn1","ijezHUqIii","QJa5hLu3RD","703.740","9xfEhyybYe","7.0000","D","703.740"
"91BfTDEk8Z","4.000","130.390","2021-04-27 21:26:16","TJ41SSUq6q","kCd8oqtrGP","U5y5YvVJNn","521.560","L6SWvjizva","4.0000","D","521.560"
"FE7gUFCGC0","49.000","134.390","2021-04-27 21:26:39","QewDbhEfbG","i7JJAcCBMF","0gi1mzBxJn","671.950","KDAVBKqk2F","49.0000","D","671.950"
"Df2jQdyawJ","8.000","262.970","2021-04-27 21:26:34","JM8jsW0J4J","rMUrJPLeil","xhzBOznTZp","2103.760","hIbGt7Vg9B","8.0000","D","2103.760"
"O2oHFMi2UU","93.000","130.390","2021-04-27 21:27:14","Grbzu6jbyJ","4P6we7JlDe","nHbiouvF1h","912.730","eeQKNHNDAe","93.0000","D","912.730"
"gx5qNoSE9Z","26.000","256.970","2021-04-27 21:27:12","Grbzu6jbyJ","Grbzu6jbyJ","HlpIxfaPn4","2312.730","jXwRKCj3B0","26.0000","D","2312.730"
"C5KrtSOWlP","24.000","257.970","2021-04-27 21:25:20","QylXd45RhI","tBNaQPFjC3","6z2I8qQzYQ","1547.820","muHpPs0Pjd","24.0000","D","1547.820"
"6s4O8bb3XF","73.000","709.740","2021-04-27 21:25:20","QylXd45RhI","3nw03HQJ6V","sgGJIVceB8","1419.480","xRxorIYjT4","73.0000","D","1419.480"
"1AvMEs6pTW","84.000","611.270","2021-04-27 21:24:32","OKPpl78N5O","tBNaQPFjC3","VBZdIeKWQW","4278.890","allPlvJy39","84.0000","D","4278.890"
"ptq7bOY716","13.000","700.740","2021-04-27 21:27:42","SNVgf3f5CK","7KUa2vTqIP","LtGAwL8TlS","2102.220","DBy16q4otv","13.0000","D","2102.220"
"d9JcJRUQUc","39.000","702.740","2021-04-27 21:26:01","Opkma86zza","vaM994Ec92","JpkuR5dvtk","6324.660","SRG3huPc4X","39.0000","D","6324.660"
"nw9U5RsvIh","30.000","131.390","2021-04-27 21:27:10","7WUJL037Ih","3nw03HQJ6V","CdLbMfuGC7","262.780","BILw47EEW6","30.0000","D","262.780"
"dGYDMlBpqC","56.000","702.740","2021-04-27 21:26:03","Opkma86zza","DkhOhDKbN6","ecLA9eDQdr","2108.220","TD6aEHU14z","56.0000","D","2108.220"
"Gjhs9C5HEn","77.000","261.970","2021-04-27 21:26:52","n0dZybb6uM","2fJOf6nx6z","twmwCEwBSZ","1047.880","ZedOQUct3Q","77.0000","D","1047.880"
"AuaRoVx0Mf","49.000","613.270","2021-04-27 21:26:53","p9MlQQ1ds8","E8uVwVNtgD","JQjeKLuVNS","1839.810","V3ptyNrUGl","49.0000","D","1839.810"
"om1GdTEqIP","60.000","702.740","2021-04-27 21:27:57","0WJu22uEjq","Z23PkrcyEz","stMbGQLDfU","1405.480","EBnHUVWpcI","60.0000","D","1405.480"
"2bBDXqnik5","33.000","265.970","2021-04-27 21:25:15","LoSDuWR25C","TJ41SSUq6q","Oye19mqBLh","1063.880","xj72tSOLrM","33.0000","D","1063.880"
"6fmzZJOy2m","63.000","139.390","2021-04-27 21:26:18","TJ41SSUq6q","v3JUs3D1Wz","xRsdfXPut6","278.780","SRYrc4gaWW","63.0000","D","278.780"
"EIPSV3MUZJ","38.000","701.740","2021-04-27 21:25:43","WDxmtmfs0m","Z23PkrcyEz","vVPQBssz8N","2806.960","3y1nb9S4SN","38.0000","D","2806.960"
"Ua44sl1zNF","84.000","256.970","2021-04-27 21:27:39","p3jLkPyMX8","KomfGpXT0B","m4YRtsj4Ty","770.910","w9k8iOkQYA","84.0000","D","770.910"
"0xHXQb0Y4t","6.000","260.970","2021-04-27 21:26:10","kCd8oqtrGP","Opkma86zza","o6aKouDn3O","260.970","RT0HMzzEJr","6.0000","D","260.970"
"0HEwA97n6W","4.000","3414.430","2021-04-27 21:24:40","xzV9cvPi71","C6ckXzQu3j","q6hitvf6k6","3414.430","C2DT3ARRZo","4.0000","D","3414.430"
"GLuGUCzMbr","10.000","707.740","2021-04-27 21:27:37","pyKAczyxZZ","xOLUxjswYg","sx6Kvd8DlK","6369.660","C7Tgv5ziz2","10.0000","D","6369.660"
"bUHUSODESk","8.000","707.740","2021-04-27 21:25:56","5kZrKVdhFB","Opkma86zza","YST2eQCaQy","707.740","tPiWT5K5Bf","8.0000","D","707.740"
"AjxbpWIUsq","77.000","618.270","2021-04-27 21:26:49","i7JJAcCBMF","Grbzu6jbyJ","ozqKpKstZm","1854.810","hb359zJorh","77.0000","D","1854.810"
"CeRIkRjVpq","75.000","132.390","2021-04-27 21:26:31","XhpYbWqOtX","R7XBuTKNlO","hifa2tmu2P","661.950","F5BCvTja1b","75.0000","D","661.950"
"4fDxUSblfx","3.000","611.270","2021-04-27 21:26:38","QewDbhEfbG","QewDbhEfbG","EvoyOgtaag","1833.810","RVlpSCfllu","3.0000","D","1833.810"
"BjurOSkppy","38.000","709.740","2021-04-27 21:25:49","6FTOqMUABs","Opkma86zza","QqBxzggKzJ","6387.660","UpJVOhOoYS","38.0000","D","6387.660"
"bxRoGyCCKd","6.000","137.390","2021-04-27 21:26:49","n0dZybb6uM","Jncr7UhmTZ","RCKHp3DdwF","549.560","anThwI9DJ3","6.0000","D","549.560"
"D5RptP0Gj3","38.000","261.970","2021-04-27 21:26:12","kCd8oqtrGP","YYHXU1KZ2i","i4FyVvhrkv","2095.760","odncZSjzk2","38.0000","D","2095.760"
"h0tVLSo5Sz","39.000","130.390","2021-04-27 21:25:30","u8FcpUThIw","Sn9UrBtdAf","JroVm0sYhS","1043.120","DwizbPt3h6","39.0000","D","1043.120"
"EvvCLnwzFC","36.000","613.270","2021-04-27 21:27:57","0WJu22uEjq","BK0H4eSWgT","TeayTi6eYh","613.270","S0wTL3NGkd","36.0000","D","613.270"
"lUPe4ch0BZ","3.000","133.390","2021-04-27 21:27:52","MtLUmMJ31b","2EQOEFTBNA","HhGxdCVgGY","400.170","Ze7UA01Dih","3.0000","D","400.170"
"76uM84bDta","8.000","612.270","2021-04-27 21:25:36","wWtmjbnMq0","KomfGpXT0B","pXibdDQhvu","1224.540","LSOfgqsgwj","8.0000","D","1224.540"
"d1ErtcAOwN","55.000","258.970","2021-04-27 21:25:52","4qG4YJPVXS","p3jLkPyMX8","qPjyeMrFPz","1553.820","jKhCEMa4Ly","55.0000","D","1553.820"
"Aml8nx5Izv","74.000","129.390","2021-04-27 21:25:02","3VWW9Er2dz","0WJu22uEjq","bi2MokjTCj","646.950","YlWwuBOlo1","74.0000","D","646.950"
"cudy2QE0BR","56.000","263.970","2021-04-27 21:26:18","TJ41SSUq6q","3nw03HQJ6V","pt09ytGc2U","791.910","W0nxEi5O1e","56.0000","D","791.910"
"bYpatCtxjZ","54.000","613.270","2021-04-27 21:26:56","UQRisBteSy","t1lHRWGWZW","7uEeBGNDL0","1839.810","Kw34LrtTk4","54.0000","D","1839.810"
"6xIJzmnha2","27.000","261.970","2021-04-27 21:25:42","WDxmtmfs0m","ca0OYrDEwt","JZyP2qJMiA","523.940","TQ4wL7LFC2","27.0000","D","523.940"
"dYCU3jXmsx","80.000","258.970","2021-04-27 21:26:17","TJ41SSUq6q","LxG2p0d0Ls","xixHyH2mpT","517.940","7lgkwTHHjH","80.0000","D","517.940"
"FAgIssFW1d","12.000","131.390","2021-04-27 21:25:24","4zuARWM1oL","2fJOf6nx6z","ihsyPIBrxY","394.170","lYBiZ4YJQG","12.0000","D","394.170"
"6mQZPWIjXL","24.000","266.970","2021-04-27 21:27:26","bbXjckG757","vaM994Ec92","M1CZW8gnu9","1334.850","SJwTnQao0S","24.0000","D","1334.850"
"3iUUcEzcCy","69.000","129.390","2021-04-27 21:24:57","DsrU3s6In7","MtLUmMJ31b","JdWa1QpjJ6","1293.900","fc0t86F0L1","69.0000","D","1293.900"
"0uMvKgCYIy","83.000","619.270","2021-04-27 21:24:59","yMEMrN1x5u","xOLUxjswYg","0av7ajqTwh","2477.080","8gaRZ7I6lP","83.0000","D","2477.080"
"0hRtQmAwgQ","19.000","137.390","2021-04-27 21:24:52","Jncr7UhmTZ","JM8jsW0J4J","sYPaBxGDfE","686.950","l20J7hCKp9","19.0000","D","686.950"
"0XAKmu5ZU3","75.000","134.390","2021-04-27 21:24:44","UI3g0uruCJ","YYHXU1KZ2i","RoxXsgmFSl","403.170","OSQxHwe92u","75.0000","D","403.170"
"GDm7RD2NVd","8.000","133.390","2021-04-27 21:26:40","QewDbhEfbG","Jncr7UhmTZ","EpT48a1Glg","533.560","8cayUeff6s","8.0000","D","533.560"
"b17A8v1Yhq","15.000","611.270","2021-04-27 21:26:12","kCd8oqtrGP","i7JJAcCBMF","E8Ylh5yVX8","2445.080","Tvx2MiXuZZ","15.0000","D","2445.080"
"gsPS0w5ivU","53.000","258.970","2021-04-27 21:27:09","7WUJL037Ih","YYHXU1KZ2i","fZprbLPAKK","2589.700","3UsBXm6yIY","53.0000","D","2589.700"
"6PYxZS5Ex1","81.000","262.970","2021-04-27 21:25:41","3Rrw0Zsfy1","ijezHUqIii","LZOYaJZkP3","525.940","D1AWSTtDxt","81.0000","D","525.940"
"Jscve6ceBy","92.000","702.740","2021-04-27 21:27:06","XXde7Nm02y","Jncr7UhmTZ","Y3vvBviMoK","4919.180","NsK0cfoESV","92.0000","D","4919.180"
"1GHHTRMW6i","8.000","138.390","2021-04-27 21:25:03","3VWW9Er2dz","Atg1Ajv2Ur","yhSmBUc9ep","553.560","klNQspUn6C","8.0000","D","553.560"
"0axF2SjNNl","10.000","618.270","2021-04-27 21:27:20","yBJGGZUt7Q","Grbzu6jbyJ","n99JA0eW3u","3709.620","rmhkWXAFob","10.0000","D","3709.620"
"jEZsHWuEZM","57.000","702.740","2021-04-27 21:27:04","PTqWZS2er5","Grbzu6jbyJ","gwNP64M9n8","702.740","oNye9QSaum","57.0000","D","702.740"
"ectO7pkkF0","8.000","702.740","2021-04-27 21:26:07","BVSuTguMU3","n9QJbOwRov","phyDgXWk0v","3513.700","4jz8G5ItZx","8.0000","D","3513.700"
"0hxcdz6twQ","100.000","704.740","2021-04-27 21:24:32","Sn9UrBtdAf","7KUa2vTqIP","NviU2Cqrkx","1409.480","6nxhoYM8Lz","100.0000","D","1409.480"
"8JMLGVHVLH","8.000","130.390","2021-04-27 21:27:15","Grbzu6jbyJ","Grbzu6jbyJ","KLj8UeZfWe","1043.120","crur3gilOx","8.0000","D","1043.120"
"altpT50pBv","60.000","611.270","2021-04-27 21:25:57","7KUa2vTqIP","gGCrdue8Dw","sY2N2sznJG","2445.080","L9PEX5llWz","60.0000","D","2445.080"
"ifeheCFm9N","64.000","129.390","2021-04-27 21:25:42","WDxmtmfs0m","rMUrJPLeil","XxKWCroCrr","129.390","HlIvEFhpFd","64.0000","D","129.390"
"fkRCzJFmE1","2.000","138.390","2021-04-27 21:27:32","WfxBwW49ux","4zuARWM1oL","8fFE7IZ06G","276.780","1fRTSyGuXf","2.0000","D","276.780"
"JVkxDeIWFf","9.000","700.740","2021-04-27 21:27:29","WfxBwW49ux","Z23PkrcyEz","j4JypJMygx","4204.440","ZaftLSzsDr","9.0000","D","4204.440"
"Uq5lpjUnvB","73.000","699.740","2021-04-27 21:26:36","lfAudEMKFN","Opkma86zza","qwljMcHEXA","699.740","eKL1gRxwLB","73.0000","D","699.740"
"2qBMseo9Ev","2.000","134.390","2021-04-27 21:27:41","2fJOf6nx6z","pyKAczyxZZ","B4uHMHMV62","268.780","dL3LDIiWBb","2.0000","D","268.780"
"FdsWJaZrO6","10.000","611.270","2021-04-27 21:27:40","2fJOf6nx6z","XhpYbWqOtX","0jKs52VmvO","1833.810","9FjTK3vYWO","10.0000","D","1833.810"
"0lw6DuthRP","75.000","137.390","2021-04-27 21:24:54","Jncr7UhmTZ","0WJu22uEjq","uU2xbNBJ9l","824.340","d1P3JiReeI","75.0000","D","824.340"
"2BNXf8fY0x","35.000","132.390","2021-04-27 21:24:48","SiyyN24v6w","LoSDuWR25C","sQnxYHICkq","926.730","XadO2Yiizo","35.0000","D","926.730"
"2OQvpzwhh6","12.000","132.390","2021-04-27 21:24:56","DsrU3s6In7","LxG2p0d0Ls","0Y2q2nXBUE","397.170","lM5cm7tFAm","12.0000","D","397.170"
"dS39DDM04w","30.000","264.970","2021-04-27 21:26:46","2EQOEFTBNA","wWtmjbnMq0","YTROCFwNV2","2649.700","rxqNuQSzCB","30.0000","D","2649.700"
"JVomxvKiLv","53.000","132.390","2021-04-27 21:27:07","2808cX7wn0","QewDbhEfbG","RaGJfbmheS","529.560","oSCxnrzCYU","53.0000","D","529.560"
"3MwSOEw9XD","7.000","617.270","2021-04-27 21:25:00","yMEMrN1x5u","SiyyN24v6w","q3dy2ljbXX","617.270","ZbwB5t2Buq","7.0000","D","617.270"
"1BAW9WtvWe","12.000","3419.430","2021-04-27 21:26:53","uebbBJZd2g","4zuARWM1oL","WVV8NtJgaf","6838.860","3vbu2UT0Tf","12.0000","D","6838.860"
"H2RXa63i3B","68.000","131.390","2021-04-27 21:25:33","PDh2yjLbtZ","rMUrJPLeil","JkH0EOBvAA","919.730","QQWZwQ8uiq","68.0000","D","919.730"
"HqBHNnlOgJ","4.000","257.970","2021-04-27 21:27:32","WfxBwW49ux","Grbzu6jbyJ","bDMe8PpIvQ","257.970","O43ZBGnof3","4.0000","D","257.970"
"2o3Rn4c6xO","71.000","135.390","2021-04-27 21:24:50","SiyyN24v6w","7KUa2vTqIP","rCSJIVrA26","135.390","MnYCNTm45Z","71.0000","D","135.390"
"iC9cPRH5Lh","39.000","132.390","2021-04-27 21:26:47","i7JJAcCBMF","QylXd45RhI","0FxNqEiEVI","926.730","FFtQKBBlZT","39.0000","D","926.730"
"gr64vNpGrM","10.000","262.970","2021-04-27 21:27:23","Z23PkrcyEz","u8FcpUThIw","BuIcOst3lr","262.970","fIhybd51HY","10.0000","D","262.970"
"0ouFrriDpg","16.000","3419.430","2021-04-27 21:25:11","W26Uma0Fuh","v3JUs3D1Wz","LW2m0JbmRs","3419.430","eAPmRrgMMz","16.0000","D","3419.430"
"IWBkLeVy0R","20.000","701.740","2021-04-27 21:26:56","C6ckXzQu3j","mnGcnPNxsl","0v3gGiCga3","701.740","KnNVKysHcP","20.0000","D","701.740"
"3J4DHPUV7L","3.000","610.270","2021-04-27 21:26:09","Rjxz8VcbER","BVSuTguMU3","9MbSHs4lSi","1830.810","5f1CqYT4cz","3.0000","D","1830.810"
"E5F6MedyHw","8.000","256.970","2021-04-27 21:26:48","i7JJAcCBMF","i7JJAcCBMF","56j0cQ3CjC","2055.760","dnm1wZ89Pt","8.0000","D","2055.760"
"6q6vozxoIz","3.000","139.390","2021-04-27 21:27:44","SNVgf3f5CK","PTqWZS2er5","cxg1zfsLGB","418.170","DbEViMkfj3","3.0000","D","418.170"
"bsOx46S1a7","86.000","703.740","2021-04-27 21:25:45","xOLUxjswYg","vzWeZDwBGY","a4GcZioofu","2111.220","bVBmYd1CEd","86.0000","D","2111.220"
"0L7f2Rw5zD","50.000","138.390","2021-04-27 21:24:53","Jncr7UhmTZ","Sue2eL22Gd","GrmlXs2G2A","276.780","uaoQ7nNyYQ","50.0000","D","276.780"
"m1YEUwfUQt","1.000","133.390","2021-04-27 21:27:52","MtLUmMJ31b","4zuARWM1oL","pfPF0zL87s","133.390","kNGECPoaT3","1.0000","D","133.390"
"D3IBoAc3ul","37.000","263.970","2021-04-27 21:26:32","XhpYbWqOtX","DkhOhDKbN6","wYND6GKriA","527.940","xVsqADA4Yz","37.0000","D","527.940"
"MvquVUzqbF","4.000","129.390","2021-04-27 21:26:45","2EQOEFTBNA","XhpYbWqOtX","fN1ioTPZh4","517.560","SAqcBJ2lzi","4.0000","D","517.560"
"fALwDfre9b","19.000","129.390","2021-04-27 21:25:17","xxawsOeORa","kCd8oqtrGP","si5k5uXh3t","388.170","pHIbYgYi1y","19.0000","D","388.170"
"JTTtWOrbiS","80.000","262.970","2021-04-27 21:27:49","X2xMlbarBC","LxG2p0d0Ls","ImbfalNEJQ","2366.730","NHaaBiGjuS","80.0000","D","2366.730"
"cYGll9zter","76.000","702.740","2021-04-27 21:25:55","iLK4MsA8bf","WfxBwW49ux","q369q3eaH1","1405.480","VMxcHYrCsL","76.0000","D","1405.480"
"3OG63rCmqy","83.000","135.390","2021-04-27 21:25:11","W26Uma0Fuh","Sue2eL22Gd","V3OBlc8NG7","406.170","q3UFYH6Ach","83.0000","D","406.170"
"FKVpWE985N","28.000","705.740","2021-04-27 21:26:42","oJmR1pLSXK","n9QJbOwRov","XPFcxuob3U","1411.480","V7pY57zviq","28.0000","D","1411.480"
"7FAHbqY268","85.000","618.270","2021-04-27 21:26:13","kCd8oqtrGP","W26Uma0Fuh","TcL9WtFq54","2473.080","cKpagVBlLx","85.0000","D","2473.080"
"4IkSUK7Tl1","22.000","263.970","2021-04-27 21:25:33","PDh2yjLbtZ","i7JJAcCBMF","eTZRcB0hUH","2111.760","XehVZBGyj2","22.0000","D","2111.760"
"8dxzm5tF8B","73.000","129.390","2021-04-27 21:24:59","yMEMrN1x5u","Grbzu6jbyJ","7WhKxAPgP1","258.780","OdQqhHVjcg","73.0000","D","258.780"
"EPu1nzpO9s","5.000","614.270","2021-04-27 21:27:50","rMUrJPLeil","xOLUxjswYg","c42ffMWPj0","1842.810","cv6O1R5FYx","5.0000","D","1842.810"
"c11nGZQbE3","99.000","611.270","2021-04-27 21:26:35","JM8jsW0J4J","kCd8oqtrGP","5KObLpxOlF","3056.350","or9cGXdAxa","99.0000","D","3056.350"
"G3zl8p3ILa","9.000","256.970","2021-04-27 21:25:27","4zuARWM1oL","2fJOf6nx6z","Vr8EWOxwZy","770.910","KP2C3CbgPn","9.0000","D","770.910"
"jy5a25bhBk","9.000","700.740","2021-04-27 21:27:02","gXMIqoEUej","UI3g0uruCJ","eVkCAueFuH","3503.700","36TATiqmVT","9.0000","D","3503.700"
"6LF3piHzXj","60.000","709.740","2021-04-27 21:25:06","g86xuWgacL","tBNaQPFjC3","lvs66zd8CV","1419.480","e9zqQT0hn8","60.0000","D","1419.480"
"2hluleFwUr","56.000","136.390","2021-04-27 21:25:12","W26Uma0Fuh","2fJOf6nx6z","tztZ7PEEcy","1227.510","GYjjT9JXyN","56.0000","D","1227.510"
"BrwyBV3sM1","15.000","615.270","2021-04-27 21:26:54","p9MlQQ1ds8","Rjxz8VcbER","eFIrKrAyml","4922.160","e8p8g925rO","15.0000","D","4922.160"
"H5Kqjjz5Bz","33.000","256.970","2021-04-27 21:27:17","5b9myZ5NgB","xOLUxjswYg","jzcmUuCjge","1284.850","9qO3QHcr0t","33.0000","D","1284.850"
"Cgcjp8tLoB","67.000","616.270","2021-04-27 21:27:18","5b9myZ5NgB","Sue2eL22Gd","mb1ZWALzFl","616.270","kBkDfP7p47","67.0000","D","616.270"
"3VzxEWIC4P","42.000","135.390","2021-04-27 21:25:13","n9QJbOwRov","BK0H4eSWgT","BMs5zlYsf6","135.390","HIp71Q6eiV","42.0000","D","135.390"
"GzXp7GuzNy","97.000","260.970","2021-04-27 21:27:15","Grbzu6jbyJ","vaM994Ec92","H2dgjb4BCU","260.970","j7Fliy0sbN","97.0000","D","260.970"
"HOjS23ynpa","29.000","262.970","2021-04-27 21:27:30","WfxBwW49ux","ca0OYrDEwt","kZU7HqjBAm","1314.850","fhZ0IUvZOj","29.0000","D","1314.850"
"68csvr1pl9","55.000","708.740","2021-04-27 21:24:45","ijezHUqIii","0WJu22uEjq","2vyrphiGNH","6378.660","lpxlUGVkLS","55.0000","D","6378.660"
"hbHwI0wg3O","2.000","258.970","2021-04-27 21:27:29","WfxBwW49ux","PDh2yjLbtZ","Q50Qou5QSK","517.940","aPDtWXogkm","2.0000","D","517.940"
"kQTPRVLroo","89.000","130.390","2021-04-27 21:26:50","n0dZybb6uM","rMUrJPLeil","n3IkcGmnBr","521.560","uVDrIpkVyM","89.0000","D","521.560"
"1mkzNzDl13","13.000","701.740","2021-04-27 21:24:33","Sn9UrBtdAf","yMEMrN1x5u","Bna3jsIAFo","2806.960","dJ2VhyZ2Yf","13.0000","D","2806.960"
"gGVyEr0NdA","28.000","701.740","2021-04-27 21:26:14","2IT62zYLZ7","vaM994Ec92","7djEenl5OG","3508.700","5JiwJ40qog","28.0000","D","3508.700"
"kvUslth9Sa","54.000","258.970","2021-04-27 21:27:54","MtLUmMJ31b","MtLUmMJ31b","drvgOm0PQ0","2330.730","jlQgLptyUF","54.0000","D","2330.730"
"3E4ESx5ndb","58.000","257.970","2021-04-27 21:25:05","3VWW9Er2dz","CArp1GiHPZ","6A3B0CpLAj","1289.850","hDgCYrqDF8","58.0000","D","1289.850"
"asTeJYbhqN","33.000","702.740","2021-04-27 21:24:54","Jncr7UhmTZ","n9QJbOwRov","InD3QMEIad","4919.180","pCRYT9vzay","33.0000","D","4919.180"
"bbEB2bsqz2","97.000","611.270","2021-04-27 21:26:23","v3JUs3D1Wz","v3JUs3D1Wz","iBkt8uzY3A","3056.350","lB3c3ULhWK","97.0000","D","3056.350"
"0uGVGmnLay","30.000","257.970","2021-04-27 21:24:35","9kyI2FD71y","Atg1Ajv2Ur","niDrZDqQ26","1289.850","FBVBoXM2Zw","30.0000","D","1289.850"
"HY8hq8Hi5D","6.000","706.740","2021-04-27 21:27:28","bbXjckG757","PTqWZS2er5","STL6JJHb3Z","4240.440","OKjrj6tjoG","6.0000","D","4240.440"
"AzYNq7hXSY","27.000","134.390","2021-04-27 21:26:26","JViQPVd375","2fJOf6nx6z","fFmZnGBvG1","671.950","NlfD0RVQMe","27.0000","D","671.950"
"039ihMkdZ9","72.000","136.390","2021-04-27 21:24:42","UI3g0uruCJ","tBNaQPFjC3","gMD14mkkpH","818.340","fGle6Oclfg","72.0000","D","818.340"
"40132tdJnu","95.000","132.390","2021-04-27 21:25:11","aGgWiHvvqx","yMEMrN1x5u","V7c85CQFPs","529.560","bdeMnAMtci","95.0000","D","529.560"
"I6IbIkAfsL","6.000","261.970","2021-04-27 21:27:38","pyKAczyxZZ","TJ41SSUq6q","OMhUS4Tz2o","785.910","bygvd4m5oO","6.0000","D","785.910"
"4TSibppw5n","22.000","620.270","2021-04-27 21:25:48","gGCrdue8Dw","yBJGGZUt7Q","UZ23uq7mCi","1240.540","13mz0ZQQUk","22.0000","D","1240.540"
"gvUgB2z3xe","18.000","133.390","2021-04-27 21:27:08","2808cX7wn0","u8FcpUThIw","ELjE5lvMJY","400.170","rgsExkz4wj","18.0000","D","400.170"
"0oICZi7hUD","47.000","266.970","2021-04-27 21:25:34","PDh2yjLbtZ","4zuARWM1oL","k1qa2O3beF","2135.760","k7hGxmhvTp","47.0000","D","2135.760"
"bqmNu0KxO9","68.000","261.970","2021-04-27 21:25:58","7KUa2vTqIP","4dyS2pe7SD","JGcpXUKRyN","1047.880","0R76qbr1s9","68.0000","D","1047.880"
"AVf2iMrbvg","88.000","701.740","2021-04-27 21:25:03","3VWW9Er2dz","vcuU00ZbHE","M1XiO0rxOv","2105.220","W3Yf3OWryg","88.0000","D","2105.220"
"2VMpj26AAp","95.000","613.270","2021-04-27 21:24:39","ca0OYrDEwt","4P6we7JlDe","A1Ot8b9u2F","5519.430","lcPi4hYXgN","95.0000","D","5519.430"
"HfpZcFseDr","18.000","131.390","2021-04-27 21:25:50","6FTOqMUABs","LxG2p0d0Ls","WUJhD6xCGb","262.780","Fzo4vrBTF1","18.0000","D","262.780"
"1oylAUco0v","66.000","132.390","2021-04-27 21:24:37","DkhOhDKbN6","E8uVwVNtgD","qvCfBLzZ96","529.560","eVlr5CBS5T","66.0000","D","529.560"
"IABCt7ZM1Q","16.000","700.740","2021-04-27 21:26:46","i7JJAcCBMF","xOLUxjswYg","eUWceiKS7Y","4905.180","Pb1Kk1NXjz","16.0000","D","4905.180"
"6F8Fi3d2M4","55.000","134.390","2021-04-27 21:25:36","wWtmjbnMq0","vzWeZDwBGY","YW60Rm9JoZ","940.730","PjjZGjoF96","55.0000","D","940.730"
"O6EGBBQ3ad","29.000","701.740","2021-04-27 21:27:24","Z23PkrcyEz","E8uVwVNtgD","uDc2KiJjqd","3508.700","A4Oia1mW6d","29.0000","D","3508.700"
"626vSHKC3N","32.000","701.740","2021-04-27 21:24:42","UI3g0uruCJ","7WUJL037Ih","cOQcnomCSN","6315.660","HLmZpAtQAR","32.0000","D","6315.660"
"ipQL4x8U2h","87.000","129.390","2021-04-27 21:26:01","Opkma86zza","PTqWZS2er5","boyb6RxVZT","258.780","8DCOs19NBq","87.0000","D","258.780"
"dCfHePn2pq","52.000","709.740","2021-04-27 21:27:02","PTqWZS2er5","SNVgf3f5CK","seykcyP5mU","6387.660","v0KpcRMjRh","52.0000","D","6387.660"
"GqP7qmA68y","46.000","134.390","2021-04-27 21:27:02","gXMIqoEUej","XXde7Nm02y","pkbj2Q7AL9","537.560","aBUvoPj1KG","46.0000","D","537.560"
"sI2uGoyP9E","59.000","256.970","2021-04-27 21:27:36","03mTCQQPkr","LxG2p0d0Ls","6TxzsLUBmg","2569.700","74NcfZy1y3","59.0000","D","2569.700"
"3ZKOnCcLjP","44.000","132.390","2021-04-27 21:25:01","yMEMrN1x5u","ijezHUqIii","26qbxfkgKQ","264.780","gbnaglmmdq","44.0000","D","264.780"
"B3JLuPBn1I","7.000","137.390","2021-04-27 21:26:30","XhpYbWqOtX","DsrU3s6In7","0IEZ9Nr4qW","686.950","CesN6q5tDr","7.0000","D","686.950"
"bzluvOef6k","80.000","135.390","2021-04-27 21:26:28","XhpYbWqOtX","yBJGGZUt7Q","nlgB7z53eC","676.950","t3y4Z9R5L2","80.0000","D","676.950"
"5KYtZpsIhy","97.000","258.970","2021-04-27 21:25:09","aGgWiHvvqx","mnGcnPNxsl","8MosZ4DdWg","1294.850","Hwwzu4ESM5","97.0000","D","1294.850"
"5oPTgcNqIu","36.000","614.270","2021-04-27 21:25:31","vcuU00ZbHE","E8uVwVNtgD","E2vkOsKAdx","4914.160","LHbOSDThwN","36.0000","D","4914.160"
"aWBmx2nwJx","58.000","615.270","2021-04-27 21:26:54","p9MlQQ1ds8","n0dZybb6uM","ogDKxJUMMj","2461.080","PI6YMyqQJx","58.0000","D","2461.080"
"kg0Pfa8fGL","25.000","699.740","2021-04-27 21:25:55","5kZrKVdhFB","vzWeZDwBGY","uMjAHskaBP","699.740","LIXSybPEwW","25.0000","D","699.740"
"i9w3COwXw9","4.000","260.970","2021-04-27 21:27:33","vKvIGyBpn1","3Rrw0Zsfy1","zzox4vFND3","260.970","Oem0G3zMoN","4.0000","D","260.970"
"ekko1BIIAq","63.000","612.270","2021-04-27 21:27:34","vKvIGyBpn1","wWtmjbnMq0","PbUTevKtIx","6122.700","sQ55lCvH3w","63.0000","D","6122.700"
"6wAfHqLoH1","8.000","705.740","2021-04-27 21:24:52","Jncr7UhmTZ","vaM994Ec92","1h6xJsckMO","2822.960","HlCeXCMabN","8.0000","D","2822.960"
"OElTntbvOT","82.000","700.740","2021-04-27 21:27:34","vKvIGyBpn1","7WUJL037Ih","AXECMlz9LG","700.740","3SrAT2OFMI","82.0000","D","700.740"
"DuS72URalk","5.000","706.740","2021-04-27 21:26:58","3nw03HQJ6V","pyKAczyxZZ","cLBQOzJNOf","3533.700","IsCiI0JEiY","5.0000","D","3533.700"
"CqWuLfteoD","64.000","701.740","2021-04-27 21:25:19","QylXd45RhI","E8uVwVNtgD","z6CG8QJzaK","6315.660","1AlptPNgbs","64.0000","D","6315.660"
"AM4Ms2fLDG","59.000","614.270","2021-04-27 21:26:28","XhpYbWqOtX","4dyS2pe7SD","ELFWqqX30p","4299.890","esMtBha8f9","59.0000","D","4299.890"
"04AaKRE9tp","98.000","262.970","2021-04-27 21:24:31","mnGcnPNxsl","4dyS2pe7SD","bBGwoIXStt","2366.730","3uHkFTwAGw","98.0000","D","2366.730"
"aAw5wATXsQ","95.000","699.740","2021-04-27 21:24:48","SiyyN24v6w","LoSDuWR25C","gdlkOJl4rC","2798.960","9W3abZuppu","95.0000","D","2798.960"
"A6exITb8NY","81.000","616.270","2021-04-27 21:26:38","QewDbhEfbG","X2xMlbarBC","CwVXMuSsJb","1848.810","V8xE4g223z","81.0000","D","1848.810"
"Bv4FQs0N9M","4.000","259.970","2021-04-27 21:25:33","PDh2yjLbtZ","QylXd45RhI","BDmCURyAAF","1039.880","3Pey4Pgwxq","4.0000","D","1039.880"
"gEjKWTXSvH","48.000","264.970","2021-04-27 21:27:08","2808cX7wn0","DsrU3s6In7","UoiDzO0h3H","2649.700","nnbikbywFd","48.0000","D","2649.700"
"EFcxxBzxyN","82.000","613.270","2021-04-27 21:27:48","op0j2MMOEO","Opkma86zza","bSx3sOIqas","5519.430","YZvw23N1Rr","82.0000","D","5519.430"
"03ALDdPr4R","86.000","264.970","2021-04-27 21:24:38","tBNaQPFjC3","4dyS2pe7SD","rjpZljOrAV","1324.850","qsKlyHonAw","86.0000","D","1324.850"
"0D3ZkmtGmE","9.000","708.740","2021-04-27 21:27:53","MtLUmMJ31b","SNVgf3f5CK","yH3M5skv2I","2126.220","wkb9nqNzXN","9.0000","D","2126.220"
"HbAyokDhEA","2.000","137.390","2021-04-27 21:27:36","pyKAczyxZZ","n0dZybb6uM","FVCZFqu0Sa","137.390","U4ACqkPxYo","2.0000","D","137.390"
"cgsCPNH3BU","99.000","708.740","2021-04-27 21:26:42","oJmR1pLSXK","DsrU3s6In7","Yr3rc99GRQ","2126.220","jIkDB7aRNG","99.0000","D","2126.220"
"hdJA3AkaHQ","55.000","259.970","2021-04-27 21:27:29","WfxBwW49ux","Opkma86zza","WlHvh9VfeU","519.940","1N4YWoRFB9","55.0000","D","519.940"
"IRhej8WWd6","63.000","135.390","2021-04-27 21:27:41","2fJOf6nx6z","aGgWiHvvqx","muirrxpSkD","947.730","PZXwKIRMy5","63.0000","D","947.730"
"bv3mauHzua","12.000","258.970","2021-04-27 21:25:31","vcuU00ZbHE","3Rrw0Zsfy1","8VKo9o4ai2","517.940","H7ycBEcnZd","12.0000","D","517.940"
"955yHhEOMN","19.000","708.740","2021-04-27 21:24:56","DsrU3s6In7","v3JUs3D1Wz","OFBVsHcPpU","4252.440","M92NlcRcVI","19.0000","D","4252.440"
"2lleiHTVWs","54.000","257.970","2021-04-27 21:24:47","Atg1Ajv2Ur","wWtmjbnMq0","fNPVa1Buki","1547.820","AVjNNI3CBx","54.0000","D","1547.820"
"Gw8doZbVyo","37.000","612.270","2021-04-27 21:27:44","SNVgf3f5CK","BK0H4eSWgT","gpj3DMdeZt","3061.350","MiOE9krV3m","37.0000","D","3061.350"
"6J8Fmm7edq","2.000","610.270","2021-04-27 21:25:36","wWtmjbnMq0","Jncr7UhmTZ","jLEonz2ryH","1220.540","TPpoQwuk2n","2.0000","D","1220.540"
"5RtmBRwk3e","5.000","616.270","2021-04-27 21:25:37","wWtmjbnMq0","yBJGGZUt7Q","rI3Sa2T7XJ","3081.350","V2IlGfULw8","5.0000","D","3081.350"
"e2Xx5q6vH8","92.000","256.970","2021-04-27 21:25:19","xxawsOeORa","ca0OYrDEwt","zKEsUgY5cp","256.970","J6rZDLDOke","92.0000","D","256.970"
"mw0hkzxoB9","18.000","132.390","2021-04-27 21:27:41","SNVgf3f5CK","Sue2eL22Gd","EQJY2E9cm2","1059.120","HlnCwo3CGz","18.0000","D","1059.120"
"qeZ3QUncXl","2.000","129.390","2021-04-27 21:27:22","E8uVwVNtgD","PTqWZS2er5","fJD5itPhtY","258.780","dL5BAMULtZ","2.0000","D","258.780"
"6cxmdaVFjC","4.000","614.270","2021-04-27 21:27:13","Grbzu6jbyJ","Grbzu6jbyJ","3esYoxbsYb","1228.540","9NjpEm30lE","4.0000","D","1228.540"
"A3xecpWtUO","70.000","706.740","2021-04-27 21:25:29","u8FcpUThIw","JViQPVd375","cB3xDaX6Mz","7067.400","fFdJ7Dwf7a","70.0000","D","7067.400"
"ppGKHCiVef","22.000","129.390","2021-04-27 21:27:12","7WUJL037Ih","LxG2p0d0Ls","thMb0KBWsm","776.340","QxgmI5qXQw","22.0000","D","776.340"
"55r41Ey3Ul","5.000","135.390","2021-04-27 21:25:43","WDxmtmfs0m","WDxmtmfs0m","QvyVV5SF4k","676.950","sFhLYc5LVn","5.0000","D","676.950"
"gE04V844cj","3.000","702.740","2021-04-27 21:26:14","2IT62zYLZ7","u8FcpUThIw","kAslPVb1DL","2108.220","jgUDXXSxKj","3.0000","D","2108.220"
"EZbcnFP24m","71.000","259.970","2021-04-27 21:26:43","oJmR1pLSXK","n0ZyQI04aP","EBnD7qvzOW","2079.760","St6SwmgcBg","71.0000","D","2079.760"
"fmqG1mbOXH","38.000","130.390","2021-04-27 21:25:25","4zuARWM1oL","3VWW9Er2dz","uCrnlDwua7","651.950","fc1XELjYDA","38.0000","D","651.950"
"3J3sw0VE3j","18.000","262.970","2021-04-27 21:25:26","4zuARWM1oL","v3JUs3D1Wz","3cR810rAEn","2629.700","00PxhxGH3A","18.0000","D","2629.700"
"GB5kUI6pk5","3.000","699.740","2021-04-27 21:27:23","Sue2eL22Gd","E8uVwVNtgD","dFm1f7BWyv","2099.220","QIJl5ZKMTz","3.0000","D","2099.220"
"5ASBvHXvwJ","8.000","135.390","2021-04-27 21:25:24","4zuARWM1oL","DsrU3s6In7","PaPAEV58Q9","947.730","TpQwwru0xj","8.0000","D","947.730"
"euvryZdN95","5.000","133.390","2021-04-27 21:26:39","QewDbhEfbG","dZIrubkSWP","2IFrQEYXgo","666.950","jxxGy3KVaK","5.0000","D","666.950"
"QOuHJGzvdK","32.000","699.740","2021-04-27 21:26:08","Rjxz8VcbER","BK0H4eSWgT","x90JY8nE7b","2099.220","R2TbCvankK","32.0000","D","2099.220"
"CYkshBlYVL","74.000","263.970","2021-04-27 21:26:30","XhpYbWqOtX","SiyyN24v6w","yaW7KEiELR","791.910","VLxXj80fYZ","74.0000","D","791.910"
"6Iad3Vq47q","19.000","614.270","2021-04-27 21:25:45","xOLUxjswYg","Atg1Ajv2Ur","Bc0pd1BC5I","1228.540","L4T2ZBvcU8","19.0000","D","1228.540"
"0fGwwkdYIj","17.000","132.390","2021-04-27 21:24:30","mnGcnPNxsl","JM8jsW0J4J","xVpuOdWcGN","661.950","lCa18tKFPj","17.0000","D","661.950"
"l8lA82RrRd","88.000","701.740","2021-04-27 21:27:17","5b9myZ5NgB","Sn9UrBtdAf","mvs60l9XED","6315.660","8LkasdrZjA","88.0000","D","6315.660"
"keq0WNPT5m","68.000","132.390","2021-04-27 21:27:18","5b9myZ5NgB","i7JJAcCBMF","Msgb6yO2lS","926.730","n2hVPonw1R","68.0000","D","926.730"
"aA6YcEDcWX","47.000","136.390","2021-04-27 21:26:16","TJ41SSUq6q","ca0OYrDEwt","tcVjtZpc2G","818.340","sll9UUsWpW","47.0000","D","818.340"
"cn079csfKU","4.000","701.740","2021-04-27 21:27:55","0WJu22uEjq","SNVgf3f5CK","KZRrdjCmLf","1403.480","XW4r5j9dS9","4.0000","D","1403.480"
"E89BnRQYjF","32.000","262.970","2021-04-27 21:26:35","JM8jsW0J4J","PTqWZS2er5","z4H76OFQnN","525.940","4KTlMkCHAJ","32.0000","D","525.940"
"GvfKQSjDak","37.000","136.390","2021-04-27 21:27:03","PTqWZS2er5","7KUa2vTqIP","Zva4eGpAK5","136.390","9cECWPvvwi","37.0000","D","136.390"
"Ml8xMG3b6O","97.000","256.970","2021-04-27 21:27:27","bbXjckG757","op0j2MMOEO","isoR7X3rnj","1284.850","FcWqsSYDzu","97.0000","D","1284.850"
"dUci7UZtga","100.000","132.390","2021-04-27 21:26:33","JM8jsW0J4J","vKvIGyBpn1","nLMt6TbxWh","794.340","bIpd80HXOD","100.0000","D","794.340"
"SZFK3nbJzI","15.000","699.740","2021-04-27 21:26:21","v3JUs3D1Wz","XXde7Nm02y","9pRFH4SQ3e","6297.660","lJd4sRJQVg","15.0000","D","6297.660"
"2PiDN7mkVl","43.000","260.970","2021-04-27 21:24:51","Jncr7UhmTZ","XXde7Nm02y","fRwhCzul3F","1565.820","K9rZCoSHLq","43.0000","D","1565.820"
"bF1GGmehTV","20.000","702.740","2021-04-27 21:25:08","g86xuWgacL","3nw03HQJ6V","rJQ8j3pBFi","5621.920","ouuFrJeTgu","20.0000","D","5621.920"
"4tvMhwhL12","72.000","136.390","2021-04-27 21:25:17","xxawsOeORa","KomfGpXT0B","QBTYyjz8ss","272.780","WasKQFu3uy","72.0000","D","272.780"
"15QROlR2sg","4.000","256.970","2021-04-27 21:24:40","ca0OYrDEwt","PTqWZS2er5","LVnENWJ3pp","1027.880","XvPWIg2ZYW","4.0000","D","1027.880"
"joWUoamOGb","16.000","131.390","2021-04-27 21:26:55","C6ckXzQu3j","Opkma86zza","C9CJ7ctHb0","262.780","mRFtN6gcuO","16.0000","D","262.780"
"B5zsJTNiO1","14.000","138.390","2021-04-27 21:27:16","Grbzu6jbyJ","PTqWZS2er5","y5Yb0969Wl","276.780","ChQsO2Eb1r","14.0000","D","276.780"
"1m2I33PPGt","59.000","264.970","2021-04-27 21:24:41","xzV9cvPi71","ca0OYrDEwt","MYI8bWz8kb","1059.880","uGe4UNgX46","59.0000","D","1059.880"
"FOhXPJVZoc","50.000","701.740","2021-04-27 21:25:57","7KUa2vTqIP","aGgWiHvvqx","Z3vL0xVwFK","6315.660","DmBXDS3lFz","50.0000","D","6315.660"
"5WrDxsMEHL","54.000","616.270","2021-04-27 21:25:38","wWtmjbnMq0","Rjxz8VcbER","Vuk0lSzliH","616.270","ckX4X39U4X","54.0000","D","616.270"
"D0aBFZsO0R","99.000","259.970","2021-04-27 21:25:39","3Rrw0Zsfy1","xxawsOeORa","b2fvYAtj0D","1039.880","Ec9rgVfypQ","99.0000","D","1039.880"
"ieFANXCLAN","54.000","263.970","2021-04-27 21:27:49","X2xMlbarBC","dZIrubkSWP","dbEKOB6vBO","791.910","LSoKYr492X","54.0000","D","791.910"
"9PDbzqSZb7","51.000","132.390","2021-04-27 21:25:21","QylXd45RhI","4P6we7JlDe","kRlA8T2HDr","529.560","I9imlVakkn","51.0000","D","529.560"
"am1KrCOAze","40.000","620.270","2021-04-27 21:27:39","2fJOf6nx6z","Rjxz8VcbER","E0QZg0FM3m","6202.700","3Zbk3wGfoo","40.0000","D","6202.700"
"18SlX3DZMb","47.000","3415.430","2021-04-27 21:26:33","JM8jsW0J4J","6FTOqMUABs","stbllNU7dS","6830.860","A340dKcLlj","47.0000","D","6830.860"
"axi1BBEp3F","57.000","705.740","2021-04-27 21:25:05","3VWW9Er2dz","LxG2p0d0Ls","eLFOG9QwZk","705.740","eYw7Oh4Bcq","57.0000","D","705.740"
"ExzUUNiADi","27.000","703.740","2021-04-27 21:26:08","Rjxz8VcbER","vzWeZDwBGY","JqCRo4fpx2","1407.480","pZWSLSyHmL","27.0000","D","1407.480"
"F9XmygfcUJ","4.000","259.970","2021-04-27 21:26:44","oJmR1pLSXK","xOLUxjswYg","GkHIzYtNCU","779.910","yYONW0Srvl","4.0000","D","779.910"
"aHzSJV3rrn","64.000","613.270","2021-04-27 21:26:27","n0ZyQI04aP","dZIrubkSWP","lFjh1NKjI4","2453.080","VcbbgEuy3b","64.0000","D","2453.080"
"PShAirw3EE","53.000","700.740","2021-04-27 21:27:38","p3jLkPyMX8","iLK4MsA8bf","HZU8yCVTRB","2802.960","2mqvKGiQ2O","53.0000","D","2802.960"
"6l2nKLdyqY","42.000","258.970","2021-04-27 21:25:16","xxawsOeORa","R7XBuTKNlO","du6h92uNym","2330.730","Ct6St6N8de","42.0000","D","2330.730"
"C8aqZa70rz","6.000","614.270","2021-04-27 21:26:58","4P6we7JlDe","vcuU00ZbHE","SyoSFMh4UO","1842.810","1036JeFnKL","6.0000","D","1842.810"
"i4VtNyKysu","73.000","704.740","2021-04-27 21:27:04","PTqWZS2er5","u8FcpUThIw","uk1pwU4OqL","2114.220","JwUfhl62q3","73.0000","D","2114.220"
"lIkYc5xbmu","5.000","133.390","2021-04-27 21:27:56","0WJu22uEjq","MtLUmMJ31b","1o84Vpvnyh","666.950","D4rvemmvGr","5.0000","D","666.950"
"4Xl4zVxBfu","18.000","701.740","2021-04-27 21:24:35","9kyI2FD71y","BK0H4eSWgT","ncL5kNutso","2105.220","NrEDpWHaHg","18.0000","D","2105.220"
"esvXCf2RMz","16.000","709.740","2021-04-27 21:27:21","E8uVwVNtgD","u8FcpUThIw","5vKLHKbKNU","4968.180","qgdIMtj9IL","16.0000","D","4968.180"
"8CLKNZxRma","96.000","134.390","2021-04-27 21:25:54","4qG4YJPVXS","PTqWZS2er5","bsQfEoaKrL","1209.510","Adh4XO3bux","96.0000","D","1209.510"
"IaKlAQGjas","94.000","133.390","2021-04-27 21:27:19","yBJGGZUt7Q","jtWLcw6JZJ","6qHEijlWRn","933.730","Y58qwZVV6o","94.0000","D","933.730"
"9BeeiXJHVl","38.000","617.270","2021-04-27 21:26:37","QewDbhEfbG","vaM994Ec92","xrsvxIyjvN","3086.350","rQoZv5wZq2","38.0000","D","3086.350"
"10QiZvo2qh","55.000","3412.430","2021-04-27 21:26:17","TJ41SSUq6q","Z23PkrcyEz","6DoHVTv9Lf","3412.430","KGy0YfdjO5","55.0000","D","3412.430"
"2o7cV9aRuZ","13.000","619.270","2021-04-27 21:25:08","LxG2p0d0Ls","7KUa2vTqIP","M8MkLYj9fD","6192.700","zkIchJWFL6","13.0000","D","6192.700"
"42QBUBjn5P","46.000","256.970","2021-04-27 21:24:55","DsrU3s6In7","Rjxz8VcbER","nWkrmWJ22K","513.940","FXsWU91Yqf","46.0000","D","513.940"
"17ZIjqBiPc","74.000","139.390","2021-04-27 21:24:59","yMEMrN1x5u","PDh2yjLbtZ","SbJi3FmVYw","696.950","JF0N99oMxM","74.0000","D","696.950"
"fcS9I9QhEY","1.000","704.740","2021-04-27 21:26:42","oJmR1pLSXK","LoSDuWR25C","mVOiGnLev0","704.740","nd86iU2wUF","1.0000","D","704.740"
"8TcAC2zqIZ","9.000","138.390","2021-04-27 21:27:44","SNVgf3f5CK","SNVgf3f5CK","qGc3Z2XBx1","138.390","FRnL9uAI1q","9.0000","D","138.390"
"3J1gGlVRLq","82.000","613.270","2021-04-27 21:24:48","SiyyN24v6w","wWtmjbnMq0","5ndlvLu9Fz","3066.350","vwzbbAZYmS","82.0000","D","3066.350"
"gH6TAVdFAC","30.000","133.390","2021-04-27 21:26:51","n0dZybb6uM","0WJu22uEjq","tQIl7QPOmd","266.780","mzdwB9dbTi","30.0000","D","266.780"
"08WnIpCrkQ","87.000","256.970","2021-04-27 21:24:31","mnGcnPNxsl","SiyyN24v6w","vSw23l7cAU","1541.820","GL7j3krFzq","87.0000","D","1541.820"
"2anuBdhMQi","3.000","616.270","2021-04-27 21:25:06","g86xuWgacL","yMEMrN1x5u","EyB6KHMC28","616.270","5WR9OR2nL7","3.0000","D","616.270"
"CoRLGffURL","99.000","703.740","2021-04-27 21:25:46","xOLUxjswYg","QylXd45RhI","4gFRvN8Mxt","5629.920","zJWZVvrjgX","99.0000","D","5629.920"
"JAtD2aR6qF","40.000","131.390","2021-04-27 21:26:48","i7JJAcCBMF","3VWW9Er2dz","FUwYeXx7IG","262.780","BhbpJM4E2r","40.0000","D","262.780"
"6Wbrnx5cB6","10.000","133.390","2021-04-27 21:25:39","3Rrw0Zsfy1","kCd8oqtrGP","DoZ93FrQHQ","400.170","8qkaQrxCnU","10.0000","D","400.170"
"KWQmguAsSx","53.000","610.270","2021-04-27 21:27:51","MtLUmMJ31b","aGgWiHvvqx","TM9qz7YbUV","3661.620","k4VI8BVyH3","53.0000","D","3661.620"
"92f4AB1Hfi","46.000","616.270","2021-04-27 21:26:15","vaM994Ec92","6FTOqMUABs","YS9y8u0iyM","5546.430","g3u6D5TdAB","46.0000","D","5546.430"
"6CTfhHEjcT","74.000","139.390","2021-04-27 21:26:11","kCd8oqtrGP","4zuARWM1oL","pnjCcNEj7X","1393.900","WV7GG09UIP","74.0000","D","1393.900"
"FQWuOvYuAz","41.000","256.970","2021-04-27 21:25:22","KomfGpXT0B","Rjxz8VcbER","B2fAzgywVa","1027.880","1dWSrDb91I","41.0000","D","1027.880"
"ElcCXrHHji","4.000","705.740","2021-04-27 21:26:42","oJmR1pLSXK","BVSuTguMU3","rSTr4I0Xjy","2822.960","O3XKDw2oUw","4.0000","D","2822.960"
"6R42hrlJv6","26.000","3412.430","2021-04-27 21:26:29","XhpYbWqOtX","0WJu22uEjq","HTSaXNHQ0Z","3412.430","pBNj9w6PFQ","26.0000","D","3412.430"
"hsMZtg5Vxh","99.000","134.390","2021-04-27 21:27:19","yBJGGZUt7Q","aGgWiHvvqx","rWJ8WhkcTg","403.170","vkH4oUv5wV","99.0000","D","403.170"
"UmP1wHAUVn","8.000","129.390","2021-04-27 21:27:22","E8uVwVNtgD","XXde7Nm02y","S1NkAOs7kW","258.780","ub6u1dkXJM","8.0000","D","258.780"
"8SWTszaKb6","99.000","264.970","2021-04-27 21:25:51","6FTOqMUABs","3Rrw0Zsfy1","BsAEimXxlD","264.970","zjFRXsI9Bw","99.0000","D","264.970"
"8VOwo9THgl","78.000","705.740","2021-04-27 21:24:56","DsrU3s6In7","E8uVwVNtgD","EFhmelK8ZV","4940.180","vOMp0GBO5D","78.0000","D","4940.180"
"L9509yWVDE","74.000","257.970","2021-04-27 21:27:51","rMUrJPLeil","C6ckXzQu3j","fI1v6NRPUY","1289.850","4lqVuT8kyo","74.0000","D","1289.850"
"gJRK8yDr3o","22.000","257.970","2021-04-27 21:26:34","JM8jsW0J4J","gGCrdue8Dw","ESv8ZJsTTM","515.940","VQ45tBjBb8","22.0000","D","515.940"
"DBmvF74OKn","8.000","261.970","2021-04-27 21:26:19","TJ41SSUq6q","xzV9cvPi71","zrZ5PsJToM","1309.850","6G6oYDarCs","8.0000","D","1309.850"
"ChyDkKSA14","47.000","259.970","2021-04-27 21:25:35","wWtmjbnMq0","YYHXU1KZ2i","LAyG7iGWCL","2339.730","bohKhbVlln","47.0000","D","2339.730"
"19IOeOttt8","85.000","618.270","2021-04-27 21:24:33","Sn9UrBtdAf","TJ41SSUq6q","jCWkflSaLE","4946.160","cVoAmg9JBA","85.0000","D","4946.160"
"FROjAHoIpv","74.000","699.740","2021-04-27 21:25:19","vHldcGczsA","4P6we7JlDe","YapdPg1Slr","699.740","4CMZhQLenW","74.0000","D","699.740"
"8iS8g4J2Xh","33.000","129.390","2021-04-27 21:25:01","3VWW9Er2dz","BK0H4eSWgT","Qx2j7QQfuZ","1035.120","p8j3sT56JK","33.0000","D","1035.120"
"1wmGi9cIkm","2.000","135.390","2021-04-27 21:24:49","SiyyN24v6w","ijezHUqIii","9h0b2zhRbq","270.780","CIoOlNtSZ2","2.0000","D","270.780"
"DCjscNVo5J","65.000","610.270","2021-04-27 21:26:51","n0dZybb6uM","E8uVwVNtgD","zHSXbexQxx","1220.540","bfs4IvUiZX","65.0000","D","1220.540"
"7B427ezWyk","64.000","133.390","2021-04-27 21:25:50","6FTOqMUABs","E8uVwVNtgD","CQIOWYczy8","533.560","jktkVCGpNI","64.0000","D","533.560"
"bLefl2dCcQ","59.000","703.740","2021-04-27 21:25:38","3Rrw0Zsfy1","sCk1x1dKU0","AOZ7vGLZd6","3518.700","0goMm3eskR","59.0000","D","3518.700"
"rRitJJ0xuQ","8.000","699.740","2021-04-27 21:27:50","rMUrJPLeil","vKvIGyBpn1","hql7w23Vll","4198.440","y66LsBEtse","8.0000","D","4198.440"
"nMlxgFzHPh","1.000","130.390","2021-04-27 21:27:10","7WUJL037Ih","3VWW9Er2dz","NK5mcFZQbk","130.390","tHh7oLQyva","1.0000","D","130.390"
"36dnIib5TY","6.000","257.970","2021-04-27 21:25:04","3VWW9Er2dz","Rjxz8VcbER","GuQsnTgzDy","257.970","uEDSCNfZst","6.0000","D","257.970"
"EMprk3BASU","95.000","700.740","2021-04-27 21:25:26","4zuARWM1oL","LxG2p0d0Ls","xhX2eXyNBy","1401.480","youLYfhiyZ","95.0000","D","1401.480"
"6vDOaVOUyV","52.000","137.390","2021-04-27 21:25:44","WDxmtmfs0m","Rjxz8VcbER","5NlZ75pnib","137.390","klfrjraZTF","52.0000","D","137.390"
"33lXXQrezR","64.000","258.970","2021-04-27 21:25:02","3VWW9Er2dz","kCd8oqtrGP","RPD1E2tPmW","258.970","XKX1CdqLp5","64.0000","D","258.970"
"7E0jw5OzKc","5.000","708.740","2021-04-27 21:26:33","JM8jsW0J4J","TJ41SSUq6q","sSHFBNs6no","1417.480","cXxOHJitxi","5.0000","D","1417.480"
"ARW213ZcrR","40.000","618.270","2021-04-27 21:26:59","3nw03HQJ6V","2IT62zYLZ7","Y1Q3NNsYZW","1236.540","zRpZUwEEsI","40.0000","D","1236.540"
"a0StrU55nt","12.000","612.270","2021-04-27 21:26:09","Rjxz8VcbER","Jncr7UhmTZ","7TIvctD2XF","4285.890","XEYeZMCYox","12.0000","D","4285.890"
"9CXcl1Vde7","23.000","613.270","2021-04-27 21:26:04","BVSuTguMU3","aGgWiHvvqx","15UevdWraT","4906.160","Tqv4oquo2l","23.0000","D","4906.160"
"aikL3Qx1bW","47.000","701.740","2021-04-27 21:24:53","Jncr7UhmTZ","YYHXU1KZ2i","WiKC2MEE77","1403.480","Ay9tfFrKnp","47.0000","D","1403.480"
"B3dTSICjc5","70.000","136.390","2021-04-27 21:26:28","XhpYbWqOtX","tBNaQPFjC3","5j0HPa78nD","136.390","u4ToDtk8Cm","70.0000","D","136.390"
"JtthvKqSWA","52.000","262.970","2021-04-27 21:27:45","43Ubhficin","tBNaQPFjC3","UCw9NA9viU","1577.820","EkJLaxctmd","52.0000","D","1577.820"
"2xweULMAmR","65.000","610.270","2021-04-27 21:24:41","xzV9cvPi71","SiyyN24v6w","1Z2qGEAPeG","1220.540","eAWR4iVTdX","65.0000","D","1220.540"
"BFdwFolpIQ","5.000","701.740","2021-04-27 21:25:13","n9QJbOwRov","aGgWiHvvqx","eBYld6l5mL","3508.700","tsXKI9Uwjm","5.0000","D","3508.700"
"EWuFZhN7e4","3.000","134.390","2021-04-27 21:27:01","gXMIqoEUej","i7JJAcCBMF","nG6jUYXHN9","403.170","yS3Z9W5x1Y","3.0000","D","403.170"
"G8clCFp9gd","48.000","701.740","2021-04-27 21:25:59","vzWeZDwBGY","BK0H4eSWgT","PYq4luaV5q","4912.180","8UYRKmeGPx","48.0000","D","4912.180"
"AeLLDaTACs","11.000","620.270","2021-04-27 21:27:11","7WUJL037Ih","pyKAczyxZZ","8XxKH5xqUH","3721.620","8yQfUbyhQb","11.0000","D","3721.620"
"b9U1tQ8wrR","3.000","259.970","2021-04-27 21:25:31","vcuU00ZbHE","aGgWiHvvqx","We1djNQ7Oq","779.910","1EI1wqCFNR","3.0000","D","779.910"
"jmy8paErr5","51.000","260.970","2021-04-27 21:27:43","SNVgf3f5CK","Sue2eL22Gd","GhDg9GcyNK","1565.820","Rq7mGJ1ihY","51.0000","D","1565.820"
"gm4BWERFgr","84.000","133.390","2021-04-27 21:26:56","UQRisBteSy","tBNaQPFjC3","DiMEH4WR4q","666.950","TAFX5v96ec","84.0000","D","666.950"
"BkfnKTDwtE","50.000","612.270","2021-04-27 21:26:25","JViQPVd375","t1lHRWGWZW","oTtukPGIuu","5510.430","5cNWxZKxwE","50.0000","D","5510.430"
"6qZ02L1ycW","15.000","266.970","2021-04-27 21:27:46","43Ubhficin","v3JUs3D1Wz","iXHahReItI","1067.880","1WPmTn2ify","15.0000","D","1067.880"
"jzoJGHbUW4","72.000","258.970","2021-04-27 21:27:54","MtLUmMJ31b","yBJGGZUt7Q","gRaliJC5jU","258.970","Eztz7Cm2OZ","72.0000","D","258.970"
"KAnJSwuC7F","62.000","706.740","2021-04-27 21:27:55","0WJu22uEjq","Z23PkrcyEz","cU7y7gBzbv","5653.920","KrXt2RUuZj","62.0000","D","5653.920"
"d01celupV9","55.000","260.970","2021-04-27 21:25:46","xOLUxjswYg","ca0OYrDEwt","97smc2JWEE","2609.700","Yz3JiNArtS","55.0000","D","2609.700"
"2Uhj5jdVuP","12.000","265.970","2021-04-27 21:25:17","xxawsOeORa","4dyS2pe7SD","sSrb0X37hQ","531.940","LafH9JTt5U","12.0000","D","531.940"
"0cpJBU1vBx","32.000","705.740","2021-04-27 21:24:30","mnGcnPNxsl","QewDbhEfbG","6gV5rDm17m","4940.180","btYumvxotW","32.0000","D","4940.180"
"dF4HSZyDlE","99.000","701.740","2021-04-27 21:25:42","WDxmtmfs0m","Sue2eL22Gd","S6vgcs9wJS","2105.220","KqNTKWKsPv","99.0000","D","2105.220"
"arFBUUbyWh","10.000","138.390","2021-04-27 21:26:52","uebbBJZd2g","XhpYbWqOtX","KGm5BXER2W","830.340","Z5OjfVcQP4","10.0000","D","830.340"
"BTrFYGQ4VQ","1.000","137.390","2021-04-27 21:26:49","n0dZybb6uM","ca0OYrDEwt","AThCU2MLen","137.390","TRNIx2iPwh","1.0000","D","137.390"
"gbmlLR5sXY","33.000","262.970","2021-04-27 21:27:07","2808cX7wn0","rMUrJPLeil","enaaqQ4Ve5","1314.850","8KQ4ZQgPSr","33.0000","D","1314.850"
"fnydYm4kKr","52.000","705.740","2021-04-27 21:26:58","3nw03HQJ6V","4dyS2pe7SD","p9n8YIXjmh","1411.480","DPgxKwWsri","52.0000","D","1411.480"
"4h7AehJkJ7","89.000","261.970","2021-04-27 21:25:28","u8FcpUThIw","7KUa2vTqIP","QCefdElHbf","1309.850","IwVXztZRai","89.0000","D","1309.850"
"fh5ZjTQDQ8","65.000","700.740","2021-04-27 21:25:51","6FTOqMUABs","Z23PkrcyEz","aQjBOWpu6W","2802.960","yUCXXpkHjH","65.0000","D","2802.960"
"IT00VV51MS","2.000","257.970","2021-04-27 21:27:43","SNVgf3f5CK","WfxBwW49ux","vO8udK7Zvb","515.940","Kolf3MlWxz","2.0000","D","515.940"
"F9Dm1EBbMa","53.000","699.740","2021-04-27 21:25:10","aGgWiHvvqx","7WUJL037Ih","bnPF3hw8vA","2099.220","0YUrQ1U2yL","53.0000","D","2099.220"
"JiN5p7XTXS","1.000","262.970","2021-04-27 21:27:45","43Ubhficin","WDxmtmfs0m","NUr16Ymhp4","262.970","evr723isAX","1.0000","D","262.970"
"BhAym9sicF","87.000","138.390","2021-04-27 21:27:31","WfxBwW49ux","wWtmjbnMq0","7WrT1zancI","138.390","rUz23IQAv5","87.0000","D","138.390"
"9kywv4jVnD","5.000","701.740","2021-04-27 21:24:49","SiyyN24v6w","DkhOhDKbN6","lzPckmioei","1403.480","UPgXJiLJdg","5.0000","D","1403.480"
"HaaQHACP9i","55.000","257.970","2021-04-27 21:27:20","E8uVwVNtgD","QylXd45RhI","TsVnYe86yr","2321.730","gIOSGxUNay","55.0000","D","2321.730"
"Ik8nWpeSYV","34.000","134.390","2021-04-27 21:27:35","vKvIGyBpn1","JM8jsW0J4J","o7VgFGbc9w","537.560","93sVuHoutR","34.0000","D","537.560"
"cvMI6I1rKy","43.000","707.740","2021-04-27 21:26:57","UQRisBteSy","6FTOqMUABs","GkBknxEoe2","7077.400","rlctDzPR0A","43.0000","D","7077.400"
"D3wEORrReO","8.000","614.270","2021-04-27 21:27:40","2fJOf6nx6z","BVSuTguMU3","EtTy7SfAOq","3071.350","5bFW97dp2L","8.0000","D","3071.350"
"dKh1woRTnS","91.000","259.970","2021-04-27 21:25:53","4qG4YJPVXS","XXde7Nm02y","qK11gTvMP8","2079.760","e8fQFBB0Q3","91.0000","D","2079.760"
"5z3XCzYGL3","84.000","620.270","2021-04-27 21:26:06","BVSuTguMU3","wWtmjbnMq0","iCAhUIaTUT","2481.080","hDLTldk22o","84.0000","D","2481.080"
"OLC5CSYqBS","99.000","130.390","2021-04-27 21:27:27","bbXjckG757","4qG4YJPVXS","XUifzP9Uk2","391.170","CnaRjH7uWI","99.0000","D","391.170"
"GNEPENuay9","41.000","256.970","2021-04-27 21:26:37","QewDbhEfbG","vaM994Ec92","oKmF0yKeJN","1027.880","Pjc1zh3Dtg","41.0000","D","1027.880"
"7wzMxORZZv","82.000","135.390","2021-04-27 21:25:56","5kZrKVdhFB","R7XBuTKNlO","XS6ZfbYS5W","1083.120","zPlRpY9Qqq","82.0000","D","1083.120"
"N8XZZFLq6X","5.000","700.740","2021-04-27 21:27:24","Z23PkrcyEz","WDxmtmfs0m","c6MAca5CSi","3503.700","gWE7y1JI0E","5.0000","D","3503.700"
"5cd63kvlPW","12.000","704.740","2021-04-27 21:24:39","ca0OYrDEwt","3nw03HQJ6V","uWa8C40Iqk","704.740","qKbTcgEYHA","12.0000","D","704.740"
"7jm2lKwXQx","4.000","611.270","2021-04-27 21:25:49","6FTOqMUABs","Rjxz8VcbER","VadQ7GNp9V","1833.810","9IrnGRKRkR","4.0000","D","1833.810"
"BYqZQQCjyz","95.000","706.740","2021-04-27 21:26:03","Opkma86zza","WAmwcOTWj6","IflQbVXDYJ","2826.960","38hylGjlpk","95.0000","D","2826.960"
"H27Ifv7Nd0","21.000","257.970","2021-04-27 21:27:14","Grbzu6jbyJ","dZIrubkSWP","v8DSEjDZQ3","2579.700","v41vA4bMl0","21.0000","D","2579.700"
"Ddpe8mE0BZ","73.000","701.740","2021-04-27 21:25:39","3Rrw0Zsfy1","WDxmtmfs0m","uVYzmDfQsj","3508.700","lPuBLUR4dF","73.0000","D","3508.700"
"gFYDSl9TGS","41.000","258.970","2021-04-27 21:26:23","v3JUs3D1Wz","LxG2p0d0Ls","hVinJ1i5zR","258.970","9zsw4OI0ut","41.0000","D","258.970"
"mPhi1MA45N","42.000","129.390","2021-04-27 21:26:45","2EQOEFTBNA","3nw03HQJ6V","5hI9Ezwa0x","388.170","gJd1o1THI3","42.0000","D","388.170"
